user_id;atraso_30_59;atraso_60_89;atraso_90_plus;total_atrasos;debt_ratio;uso_linhas_sem_garantia;historico_atrasos_flag;debt_ratio_outlier_flag;uso_linhas_outlier_flag;indice_risco_credito;score_risco_total;quartil_risco;faixa_risco_historico;previsao_default;nome_cliente;iniciais;cliente_desde;primeiro_nome
1;0;0;0;0;0,1531;0,6671;0;0;0;2,0505;5,88;3;Alto;Bom pagador;Cassia Silva Silverio;CSS;fev/21;Cassia
2;0;0;0;0;0,1488;0,0071;0;0;0;0,0742;2,5066;1;Baixo;Bom pagador;Bruno Silverio;BS;mar/21;Bruno
3;0;1;0;1;0,3516;0,0912;1;0;0;1,2143;1,962;3;Alto;Bom pagador;Pedro Silva Silva;PS;abr/21;Pedro
4;0;0;0;0;0,066;0,1127;0;0;0;0,4466;1,798;2;Moderado;Bom pagador;Eduarda Silva Silva;ES;mai/21;Eduarda
5;0;0;0;0;0,3522;0,324;0;0;0;0,7513;1,8682;2;Moderado;Bom pagador;Rafael Silva Silva;RS;jun/21;Rafael
6;0;0;0;0;0,0023;0,0073;0;0;0;0,032;1,7687;1;Baixo;Bom pagador;Gabriela Silva Silva;GS;jul/21;Gabriela
7;1;0;0;1;0,2616;0;1;0;0;1,3232;2,0733;3;Alto;Bom pagador;Carlos Silva Silva;CS;ago/21;Carlos
8;0;0;1;1;0,4067;0,0623;1;0;0;1,246;2,3134;3;Alto;Bom pagador;Felipe Silva Silva;FS;set/21;Felipe
9;1;0;0;1;0,2099;0,4799;1;0;0;1,8426;2,8931;3;Alto;Bom pagador;Thiago Silva Silva;TS;out/21;Thiago
10;0;0;0;0;11,4179;0,0403;0;0;0;14,3227;5,4993;4;Muito alto;Bom pagador;Larissa Silva Silva;LS;nov/21;Larissa
11;1;0;0;1;0,5927;0,8434;1;0;0;3,2269;6,1084;3;Alto;Bom pagador;Andr‚ Silva Silva;AS;dez/21;Andr‚
12;0;0;0;0;859;0,0122;0;0;0;477,229;5,5403;4;Muito alto;Bom pagador;Leonardo Silva Silva;LS;jan/22;Leonardo
13;0;0;0;0;0;0,0013;0;0;0;0,0045;2,5066;1;Baixo;Bom pagador;Patr¡cia Silva Silva;PS;fev/22;Patr¡cia
14;0;0;1;1;0,0593;0,964;1;0;0;1,9234;5,88;3;Alto;Bom pagador;Ricardo Silva Silva;RS;mar/22;Ricardo
15;1;0;0;1;1,6484;0,5942;1;0;0;2,0713;5,921;3;Alto;Bom pagador;Daniel Silva Silva;DS;abr/22;Daniel
16;0;0;0;0;0,4028;0,1931;0;0;0;0,7448;2,2372;2;Moderado;Bom pagador;Tatiane Silva Silva;TS;mai/22;Tatiane
17;0;0;0;0;0,0828;0,1426;0;0;0;0,098;1,7277;1;Baixo;Bom pagador;Eduardo Silva Silva;ES;jun/22;Eduardo
18;0;0;0;0;0,2781;0,022;0;0;0;0,3334;2,4012;1;Baixo;Bom pagador;Yasmin Silva Silva;YS;jul/22;Yasmin
19;0;0;0;0;2610;0,0692;0;0;0;2900,0769;6,2372;4;Muito alto;Bom pagador;Amanda Silva Silva;AS;ago/22;Amanda
20;0;0;0;0;1546;0,6797;0;0;0;1104,7712;9,2416;4;Muito alto;Mau pagador;Diego Silva Silva;DS;set/22;Diego
21;0;0;0;0;0,0094;0,032;0;0;0;0,0689;2,4656;1;Baixo;Bom pagador;Carla Silva Silva;CS;out/22;Carla
22;0;0;0;0;1477;0,1154;0;0;0;2110,1648;5,5696;4;Muito alto;Bom pagador;Murilo Silva Silva;MS;nov/22;Murilo
23;0;0;5;5;1365;1;1;0;0;4556,6667;9,2416;4;Muito alto;Mau pagador;Samuel Silva Silva;SS;dez/22;Samuel
24;0;0;0;0;0,4078;0,4635;0;0;0;0,6702;2,1669;2;Moderado;Bom pagador;Fl via Silva Silva;FS;jan/23;Fl via
25;0;0;0;0;0,2389;0,3859;0;0;0;1,0415;1,8682;2;Moderado;Bom pagador;Arthur Silva Silva;AS;fev/23;Arthur
26;0;0;0;0;0,3027;0,2102;0;0;0;0,4274;1,8155;2;Moderado;Bom pagador;Helo¡sa Silva Silva;HS;mar/23;Helo¡sa
27;0;0;0;0;0,0432;0,0219;0;0;0;0,0407;1,7687;1;Baixo;Bom pagador;Bernardo Silva Silva;BS;abr/23;Bernardo
28;0;0;0;0;0,8932;0,0174;0;0;0;0,7588;1,9503;2;Moderado;Bom pagador;Ot vio Silva Silva;OS;mai/23;Ot vio
29;4;3;1;8;0,4925;0,0015;1;0;0;7,6599;5,7453;4;Muito alto;Bom pagador;Heitor Silva Silva;HS;jun/23;Heitor
30;0;0;0;0;0,5324;0,1861;0;0;0;0,8982;2,2372;2;Moderado;Bom pagador;Manuela Silva Silva;MS;jul/23;Manuela
31;0;0;0;0;2835;0,1968;0;0;0;3150,2186;5,6925;4;Muito alto;Bom pagador;Pietro Silva Silva;PS;ago/23;Pietro
32;0;0;0;0;0,0758;0,0228;0;0;0;0,1233;2,5066;1;Baixo;Bom pagador;Yuri Silva Silva;YS;set/23;Yuri
33;0;0;0;0;4945;0,4571;0;1;0;4945,4571;6,4304;4;Muito alto;Bom pagador;Priscila Silva Silva;PS;out/23;Priscila
34;0;0;0;0;1565;0;0;0;0;3130;5,6106;4;Muito alto;Bom pagador;Igor Silva Silva;IS;nov/23;Igor
35;0;0;0;0;1243;0,1888;0;0;0;1775,9841;5,6925;4;Muito alto;Bom pagador;Renato Silva Silva;RS;dez/23;Renato
36;0;0;0;0;1221;0,0714;0;0;0;1356,746;5,5696;4;Muito alto;Bom pagador;Tain  Silva Silva;TS;jan/24;Tain 
37;0;0;0;0;6;0,0091;0;0;0;12,0181;5,5403;4;Muito alto;Bom pagador;C‚sar Silva Silva;CS;fev/24;C‚sar
38;0;0;0;0;0,0759;0,1901;0;0;0;0,2955;1,9912;1;Baixo;Bom pagador;Aline Silva Silva;AS;mar/24;Aline
39;0;0;0;0;2104;0,7133;0;0;0;4209,4266;9,2416;4;Muito alto;Mau pagador;Bruna Silva Silva;BS;abr/24;Bruna
40;0;0;0;0;0,1285;0,0268;0;0;0;0,3882;1,7687;1;Baixo;Bom pagador;Alan Silva Silva;AS;mai/24;Alan
41;3;2;0;5;0,8177;0,1885;1;0;0;5,2978;6,5651;4;Muito alto;Bom pagador;Daiane Silva Silva;DS;jun/24;Daiane
42;1;0;0;1;0,0912;1;1;0;0;2,9824;6,5476;3;Alto;Bom pagador;Breno Silva Silva;BS;jul/24;Breno
43;1;0;0;1;0,2232;0;1;0;0;1,176;2,0557;3;Alto;Bom pagador;CauÆ Silva Silva;CS;ago/24;CauÆ
44;0;0;0;0;0,1098;0,1658;0;0;0;0,5512;1,9209;2;Moderado;Bom pagador;Geovana Silva Silva;GS;set/24;Geovana
45;0;0;0;0;1634;0,446;0;0;0;1362,0383;5,7628;4;Muito alto;Bom pagador;Cl udio Silva Silva;CS;out/24;Cl udio
46;0;0;0;0;56;0,0268;0;0;0;46,689;5,6106;4;Muito alto;Bom pagador;J‚ssica Silva Silva;JS;nov/24;J‚ssica
47;0;0;0;0;0,3005;0,0229;0;0;0;0,3594;1,7336;1;Baixo;Bom pagador;Elias Silva Silva;ES;dez/24;Elias
48;0;0;0;0;0,1423;0,0549;0;0;0;0,116;1,798;1;Baixo;Bom pagador;Fernando Silva Silva;FS;jan/21;Fernando
49;0;0;0;0;0,1766;0,0001;0;0;0;0,1963;2,4012;1;Baixo;Bom pagador;J£lio Silva Silva;JS;fev/21;J£lio
50;0;0;0;0;2,5275;0,0934;0;0;0;2,9121;2,1787;3;Alto;Bom pagador;Paula Silva Silva;PS;mar/21;Paula
51;0;0;0;0;0,0221;0,0793;0;0;0;0,2536;1,798;1;Baixo;Bom pagador;M rcio Silva Silva;MS;abr/21;M rcio
52;2;0;0;2;0,2744;0,0402;1;0;0;2,0637;2,0147;3;Alto;Bom pagador;Nicolas Silva Silva;NS;mai/21;Nicolas
53;0;0;0;0;0,0033;0,0102;0;0;0;0,0226;1,8214;1;Baixo;Bom pagador;Talita Silva Silva;TS;jun/21;Talita
54;0;0;0;0;0,3093;0,6865;0;0;0;0,8298;5,4173;2;Moderado;Bom pagador;S‚rgio Silva Silva;SS;jul/21;S‚rgio
55;0;0;0;0;0,0379;0,0668;0;0;0;0,2094;1,7804;1;Baixo;Bom pagador;Tadeu Silva Silva;TS;ago/21;Tadeu
56;0;0;0;0;0;1;0;0;0;10;9,2006;4;Muito alto;Mau pagador;Z‚lia Silva Silva;ZS;set/21;Z‚lia
57;2;0;0;2;5338;0,627;1;1;0;6675,0337;9,3119;4;Muito alto;Mau pagador;William Silva Silva;WS;out/21;William
58;0;0;0;0;1795;0,014;0;0;0;1795,014;6,2782;4;Muito alto;Bom pagador;Lorena Silva Silva;LS;nov/21;Lorena
59;0;0;0;0;0;1;0;0;0;10;9,1303;4;Muito alto;Mau pagador;Mirela Silva Silva;MS;dez/21;Mirela
60;0;0;0;0;0,029;0,1827;0;0;0;0,1323;1,9209;1;Baixo;Bom pagador;Gabriel Santos Silva;GS;jan/22;Gabriel
61;0;0;0;0;0,8791;0,0228;0;0;0;0,5637;1,9327;2;Moderado;Bom pagador;Beatriz Santos Silva;BS;fev/22;Beatriz
62;0;0;0;0;36;0,0582;0;0;0;90,1456;5,4993;4;Muito alto;Bom pagador;Mateus Santos Silva;MS;mar/22;Mateus
63;0;0;0;0;0,2562;0,2002;0;0;0;0,6521;1,8858;2;Moderado;Bom pagador;Pedro Santos Silva;PS;abr/22;Pedro
64;0;0;0;0;0,5397;1;0;0;0;1,1844;6,126;3;Alto;Bom pagador;Eduarda Santos Silva;ES;mai/22;Eduarda
65;0;0;0;0;0,0294;0,1798;0;0;0;0,523;1,9912;2;Moderado;Bom pagador;Rafael Santos Silva;RS;jun/22;Rafael
66;1;0;0;1;0,5286;0,0618;1;0;0;1,2725;2,3134;3;Alto;Bom pagador;Gabriela Santos Silva;GS;jul/22;Gabriela
67;0;0;0;0;0,244;0,719;0;0;0;0,963;5,4173;2;Moderado;Bom pagador;Carlos Santos Silva;CS;ago/22;Carlos
68;0;0;0;0;0,3404;0,9525;0;0;0;1,1754;6,4422;3;Alto;Bom pagador;Felipe Santos Silva;FS;set/22;Felipe
69;1;0;0;1;1092;1,0057;1;0;0;1367,1321;9,3119;4;Muito alto;Mau pagador;Thiago Santos Silva;TS;out/22;Thiago
70;0;0;0;0;0,4049;0,0143;0;0;0;0,5988;2,0674;2;Moderado;Bom pagador;Larissa Santos Silva;LS;nov/22;Larissa
71;1;0;0;1;1267;0,5905;1;0;0;1585,3631;9,9795;4;Muito alto;Mau pagador;Andr‚ Santos Silva;AS;dez/22;Andr‚
72;0;0;0;0;0,0074;0,0517;0;0;0;0,0984;1,798;1;Baixo;Bom pagador;Leonardo Santos Silva;LS;jan/23;Leonardo
73;0;0;0;0;0,0006;0,0034;0;0;0;0,0079;1,839;1;Baixo;Bom pagador;Patr¡cia Santos Silva;PS;fev/23;Patr¡cia
74;0;0;0;0;0,1484;0,0067;0;0;0;0,2216;1,839;1;Baixo;Bom pagador;Ricardo Santos Silva;RS;mar/23;Ricardo
75;1;0;0;1;0,3784;0,8519;1;0;0;1,8073;6,1084;3;Alto;Bom pagador;Daniel Santos Silva;DS;abr/23;Daniel
76;0;0;0;0;0,8309;0,2422;0;0;0;0,4878;2,1669;2;Moderado;Bom pagador;Tatiane Santos Silva;TS;mai/23;Tatiane
77;0;0;0;0;0,1948;0,0246;0;0;0;0,1687;1,716;1;Baixo;Bom pagador;Eduardo Santos Silva;ES;jun/23;Eduardo
78;0;0;0;0;2247;1;0;0;0;4496;9,3119;4;Muito alto;Mau pagador;Yasmin Santos Silva;YS;jul/23;Yasmin
79;0;0;0;0;0,3847;0,2967;0;0;0;0,4867;2,2196;2;Moderado;Bom pagador;Amanda Santos Silva;AS;ago/23;Amanda
80;0;0;0;0;44;0,0282;0;0;0;110,0705;6,2782;4;Muito alto;Bom pagador;Diego Santos Silva;DS;set/23;Diego
81;0;0;0;0;0,4074;0,205;0;0;0;0,6805;2,2196;2;Moderado;Bom pagador;Carla Santos Silva;CS;out/23;Carla
82;0;0;0;0;2,3508;0,2442;0;0;0;5,19;6,4304;4;Muito alto;Bom pagador;Murilo Santos Silva;MS;nov/23;Murilo
83;0;0;0;0;0,2326;0,0056;0;0;0;0,1489;1,7336;1;Baixo;Bom pagador;Samuel Santos Silva;SS;dez/23;Samuel
84;1;0;0;1;0,4084;0,6037;1;0;0;2,5202;6,7936;3;Alto;Bom pagador;Fl via Santos Silva;FS;jan/24;Fl via
85;0;0;0;0;0,1713;0,0432;0;0;0;0,2384;2,4656;1;Baixo;Bom pagador;Arthur Santos Silva;AS;fev/24;Arthur
86;0;0;0;0;0,2773;0,8784;0;0;0;1,1556;5,757;3;Alto;Bom pagador;Helo¡sa Santos Silva;HS;mar/24;Helo¡sa
87;0;0;0;0;0,0809;0,0589;0;0;0;0,2797;2,4656;1;Baixo;Bom pagador;Bernardo Santos Silva;BS;abr/24;Bernardo
88;0;0;2;2;0,021;0,8733;1;0;0;2,8678;5,8624;3;Alto;Bom pagador;Ot vio Santos Silva;OS;mai/24;Ot vio
89;0;0;0;0;0,2058;0,5928;0;0;0;0,9983;5,4173;2;Moderado;Bom pagador;Heitor Santos Silva;HS;jun/24;Heitor
90;0;0;0;0;1207;0,0663;0;0;0;1341,1848;5,4993;4;Muito alto;Bom pagador;Manuela Santos Silva;MS;jul/24;Manuela
91;0;0;0;0;0;0,0004;0;0;0;0,0007;2,5066;1;Baixo;Bom pagador;Pietro Santos Silva;PS;ago/24;Pietro
92;0;0;0;0;0,001;0,0355;0;0;0;0,1218;1,7277;1;Baixo;Bom pagador;Yuri Santos Silva;YS;set/24;Yuri
93;0;0;0;0;424;1;0;0;0;1062,5;9,3119;4;Muito alto;Mau pagador;Priscila Santos Silva;PS;out/24;Priscila
94;0;0;0;0;0,1609;0,8591;0;0;0;3,4002;5,8097;3;Alto;Bom pagador;Igor Santos Silva;IS;nov/24;Igor
95;0;0;0;0;0,131;0,1131;0;0;0;0,2441;2,4656;1;Baixo;Bom pagador;Renato Santos Silva;RS;dez/24;Renato
96;1;0;1;2;0,1608;0,6414;1;0;0;3,0036;5,8097;3;Alto;Bom pagador;Tain  Santos Silva;TS;jan/21;Tain 
97;0;0;0;0;0,2529;0,6357;0;0;0;0,8886;6,1025;2;Moderado;Bom pagador;C‚sar Santos Silva;CS;fev/21;C‚sar
98;0;0;0;0;0,7913;0,1831;0;0;0;0,812;2,2196;2;Moderado;Bom pagador;Aline Santos Silva;AS;mar/21;Aline
99;0;0;0;0;0,0945;0,3473;0;0;0;1,1046;2,2606;3;Alto;Bom pagador;Bruna Santos Silva;BS;abr/21;Bruna
100;0;0;0;0;2578;0,5203;0;0;0;1289,2602;5,6925;4;Muito alto;Bom pagador;Alan Santos Silva;AS;mai/21;Alan
101;0;0;0;0;0;0;0;0;0;0;2,5066;1;Baixo;Bom pagador;Daiane Santos Silva;DS;jun/21;Daiane
102;0;0;0;0;0,0765;0,0028;0;0;0;0,0793;1,7687;1;Baixo;Bom pagador;Breno Santos Silva;BS;jul/21;Breno
103;0;0;0;0;739;0,0917;0;0;0;1478,1834;5,5696;4;Muito alto;Bom pagador;CauÆ Santos Silva;CS;ago/21;CauÆ
104;0;0;0;0;0,1971;0;0;0;0;0,4926;1,716;2;Moderado;Bom pagador;Geovana Santos Silva;GS;set/21;Geovana
105;0;0;0;0;0,0032;0,012;0;0;0;0,0138;1,8214;1;Baixo;Bom pagador;Cl udio Santos Silva;CS;out/21;Cl udio
106;0;0;0;0;14;0;0;0;0;23,3333;5,5403;4;Muito alto;Bom pagador;J‚ssica Santos Silva;JS;nov/21;J‚ssica
107;1;0;0;1;0,3026;0,5666;1;0;0;1,7692;5,757;3;Alto;Bom pagador;Elias Santos Silva;ES;dez/21;Elias
108;0;0;0;0;0,3828;0,3274;0;0;0;0,6457;2,1669;2;Moderado;Bom pagador;Fernando Santos Silva;FS;jan/22;Fernando
109;1;0;0;1;1704;0,0403;1;0;0;1704,9403;5,5696;4;Muito alto;Bom pagador;J£lio Santos Silva;JS;fev/22;J£lio
110;0;0;0;0;0,0015;0,0118;0;0;0;0,0265;1,839;1;Baixo;Bom pagador;Paula Santos Silva;PS;mar/22;Paula
111;0;0;0;0;0,4972;0,0356;0;0;0;0,5328;2,0264;2;Moderado;Bom pagador;M rcio Santos Silva;MS;abr/22;M rcio
112;0;0;0;0;0,391;0,9704;0;0;0;2,269;6,1084;3;Alto;Bom pagador;Nicolas Santos Silva;NS;mai/22;Nicolas
113;0;0;0;0;0,1493;0,0158;0;0;0;0,2752;2,5066;1;Baixo;Bom pagador;Talita Santos Silva;TS;jun/22;Talita
114;0;0;0;0;0,1157;0,1933;0;0;0;0,515;2,6588;2;Moderado;Bom pagador;S‚rgio Santos Silva;SS;jul/22;S‚rgio
115;0;0;0;0;0,024;0,0459;0;0;0;0,0583;1,7277;1;Baixo;Bom pagador;Tadeu Santos Silva;TS;ago/22;Tadeu
116;0;0;0;0;2130;0,0706;0;0;0;4260,1411;5,5696;4;Muito alto;Bom pagador;Z‚lia Santos Silva;ZS;set/22;Z‚lia
117;1;0;0;1;0,3747;0;1;0;0;1,1526;2,4247;3;Alto;Bom pagador;William Santos Silva;WS;out/22;William
118;0;0;0;0;0;0;0;0;0;0;2,5066;1;Baixo;Bom pagador;Lorena Santos Silva;LS;nov/22;Lorena
119;0;0;0;0;0,1524;0,045;0;0;0;0,3947;1,7277;2;Moderado;Bom pagador;Mirela Santos Silva;MS;dez/22;Mirela
120;98;98;98;294;0;1;1;0;0;304;9,1303;4;Muito alto;Mau pagador;Gabriel Oliveira Silva;GO;jan/23;Gabriel
121;0;0;0;0;0,6695;0,3037;0;0;0;0,811;2,9048;2;Moderado;Bom pagador;Beatriz Oliveira Silva;BO;fev/23;Beatriz
122;0;0;0;0;0,0014;0,0122;0;0;0;0,0341;2,5066;1;Baixo;Bom pagador;Mateus Oliveira Silva;MO;mar/23;Mateus
123;0;0;0;0;0,127;0,831;0;0;0;0,6843;5,47;2;Moderado;Bom pagador;Pedro Oliveira Silva;PO;abr/23;Pedro
124;0;0;0;0;1986;0,1565;0;0;0;1103,4203;5,7628;4;Muito alto;Bom pagador;Eduarda Oliveira Silva;EO;mai/23;Eduarda
125;0;0;0;0;197;0,01;0;0;0;656,7;6,2782;4;Muito alto;Bom pagador;Rafael Oliveira Silva;RO;jun/23;Rafael
126;0;0;0;0;0,477;0,5498;0;0;0;1,2835;6,1084;3;Alto;Bom pagador;Gabriela Oliveira Silva;GO;jul/23;Gabriela
127;0;0;0;0;0,2684;0,0177;0;0;0;0,4087;1,6633;2;Moderado;Bom pagador;Carlos Oliveira Silva;CO;ago/23;Carlos
128;0;0;0;0;0,3823;0;0;0;0;0,3186;2,085;1;Baixo;Bom pagador;Felipe Oliveira Silva;FO;set/23;Felipe
129;0;0;0;0;0,4084;0,1354;0;0;0;0,3398;1,9737;1;Baixo;Bom pagador;Thiago Oliveira Silva;TO;out/23;Thiago
130;0;0;0;0;218;0,0942;0;0;0;272,6177;5,4993;4;Muito alto;Bom pagador;Larissa Oliveira Silva;LO;nov/23;Larissa
131;0;0;0;0;1782;1;0;0;0;4457,5;9,2416;4;Muito alto;Mau pagador;Andr‚ Oliveira Silva;AO;dez/23;Andr‚
132;0;0;0;0;1625;0,0661;0;0;0;2321,5229;5,5696;4;Muito alto;Bom pagador;Leonardo Oliveira Silva;LO;jan/24;Leonardo
133;0;0;0;0;0,395;0,0216;0;0;0;0,3472;2,7526;1;Baixo;Bom pagador;Patr¡cia Oliveira Silva;PO;fev/24;Patr¡cia
134;0;0;0;0;0,1299;0,1827;0;0;0;0,5211;2,6588;2;Moderado;Bom pagador;Ricardo Oliveira Silva;RO;mar/24;Ricardo
135;0;0;0;0;318;0,2465;0;0;0;795,6163;5,6925;4;Muito alto;Bom pagador;Daniel Oliveira Silva;DO;abr/24;Daniel
136;0;0;0;0;0,5795;0,0932;0;0;0;0,5175;2,044;2;Moderado;Bom pagador;Tatiane Oliveira Silva;TO;mai/24;Tatiane
137;0;0;0;0;0,0846;0,1805;0;0;0;0,8837;1,9912;2;Moderado;Bom pagador;Eduardo Oliveira Silva;EO;jun/24;Eduardo
138;0;0;0;0;0,5959;0,1673;0;0;0;1,272;2,5593;3;Alto;Bom pagador;Yasmin Oliveira Silva;YO;jul/24;Yasmin
139;0;0;0;0;1247;1;0;0;0;6240;9,9795;4;Muito alto;Mau pagador;Amanda Oliveira Silva;AO;ago/24;Amanda
140;0;0;0;0;0,4495;0,3595;0;0;0;1,3483;2,5593;3;Alto;Bom pagador;Diego Oliveira Silva;DO;set/24;Diego
141;0;0;0;0;0,0364;0;0;0;0;0,1212;2,5066;1;Baixo;Bom pagador;Carla Oliveira Silva;CO;out/24;Carla
142;0;0;0;0;0,2958;0,5684;0;0;0;0,8642;5,4173;2;Moderado;Bom pagador;Murilo Oliveira Silva;MO;nov/24;Murilo
143;0;0;0;0;0,2581;0,0985;0;0;0;0,3566;2,3602;1;Baixo;Bom pagador;Samuel Oliveira Silva;SO;dez/24;Samuel
144;3;0;0;3;1514;0,8952;1;0;0;1896,244;9,3119;4;Muito alto;Mau pagador;Fl via Oliveira Silva;FO;jan/21;Fl via
145;0;0;0;0;0,1897;0,5957;0;0;0;0,6545;5,4173;2;Moderado;Bom pagador;Arthur Oliveira Silva;AO;fev/21;Arthur
146;0;0;0;0;17;0,0044;0;0;0;21,2555;5,6106;4;Muito alto;Bom pagador;Helo¡sa Oliveira Silva;HO;mar/21;Helo¡sa
147;0;0;0;0;0,3204;0,2882;0;0;0;0,6763;2,5534;2;Moderado;Bom pagador;Bernardo Oliveira Silva;BO;abr/21;Bernardo
148;0;0;0;0;0,3698;0,024;0;0;0;0,3938;2,0147;2;Moderado;Bom pagador;Ot vio Oliveira Silva;OO;mai/21;Ot vio
149;0;0;0;0;0;0;0;0;0;0;1,839;1;Baixo;Bom pagador;Heitor Oliveira Silva;HO;jun/21;Heitor
150;0;0;0;0;0,1912;0,0265;0;0;0;0,1555;1,716;1;Baixo;Bom pagador;Manuela Oliveira Silva;MO;jul/21;Manuela
151;0;0;0;0;0,2232;0,0448;0;0;0;0,1576;1,6223;1;Baixo;Bom pagador;Pietro Oliveira Silva;PO;ago/21;Pietro
152;1;1;1;3;0,0751;0,2355;1;0;0;3,0265;2,2606;3;Alto;Bom pagador;Yuri Oliveira Silva;YO;set/21;Yuri
153;0;0;0;0;0,2865;0,0183;0;0;0;0,4354;1,716;2;Moderado;Bom pagador;Priscila Oliveira Silva;PO;out/21;Priscila
154;0;0;0;0;0,3741;0,0876;0;0;0;0,513;2,7116;2;Moderado;Bom pagador;Igor Oliveira Silva;IO;nov/21;Igor
155;0;0;0;0;0,8971;0,0208;0;0;0;1,5298;2,29;3;Alto;Bom pagador;Renato Oliveira Silva;RO;dez/21;Renato
156;1;2;0;3;0,2994;1,0024;1;0;0;4,6696;5,7043;3;Alto;Bom pagador;Tain  Oliveira Silva;TO;jan/22;Tain 
157;0;0;0;0;0,0013;0,0125;0;0;0;0,0154;1,8214;1;Baixo;Bom pagador;C‚sar Oliveira Silva;CO;fev/22;C‚sar
158;0;0;0;0;0,9527;0,0055;0;0;0;0,8711;2,6179;2;Moderado;Bom pagador;Aline Oliveira Silva;AO;mar/22;Aline
159;2;0;0;2;0,0572;0,6136;1;0;0;2,4708;5,88;3;Alto;Bom pagador;Bruna Oliveira Silva;BO;abr/22;Bruna
160;1;0;0;1;3511;0,2197;1;0;0;2701,8613;5,6925;4;Muito alto;Bom pagador;Alan Oliveira Silva;AO;mai/22;Alan
161;0;0;0;0;0,0094;0,1337;0;0;0;0,4768;1,798;2;Moderado;Bom pagador;Daiane Oliveira Silva;DO;jun/22;Daiane
162;1;0;0;1;0,2753;0,2324;1;0;0;1,5096;2,8931;3;Alto;Bom pagador;Breno Oliveira Silva;BO;jul/22;Breno
163;0;0;0;0;0,0487;0,2316;0;0;0;0,7006;1,9209;2;Moderado;Bom pagador;CauÆ Oliveira Silva;CO;ago/22;CauÆ
164;0;0;0;0;0,1161;0,057;0;0;0;0,0911;1,7804;1;Baixo;Bom pagador;Geovana Oliveira Silva;GO;set/22;Geovana
165;0;0;0;0;0,3038;0,5895;0;0;0;1,1166;5,7043;3;Alto;Bom pagador;Cl udio Oliveira Silva;CO;out/22;Cl udio
166;0;0;0;0;2148;0,0678;0;0;0;3068,6683;5,4993;4;Muito alto;Bom pagador;J‚ssica Oliveira Silva;JO;nov/22;J‚ssica
167;0;0;0;0;0,071;1;0;0;0;2,142;5,8624;3;Alto;Bom pagador;Elias Oliveira Silva;EO;dez/22;Elias
168;1;0;1;2;0,2488;0,9609;1;0;0;2,9179;6,4422;3;Alto;Bom pagador;Fernando Oliveira Silva;FO;jan/23;Fernando
169;0;0;0;0;0;1;0;0;0;10;9,2006;4;Muito alto;Mau pagador;J£lio Oliveira Silva;JO;fev/23;J£lio
170;0;0;0;0;0,0106;0,0609;0;0;0;0,1431;1,798;1;Baixo;Bom pagador;Paula Oliveira Silva;PO;mar/23;Paula
171;0;0;0;0;0,6695;0,5438;0;0;0;0,7137;2,2196;2;Moderado;Bom pagador;M rcio Oliveira Silva;MO;abr/23;M rcio
172;0;0;0;0;0,4569;0,4574;0;0;0;1,1429;2,5066;3;Alto;Bom pagador;Nicolas Oliveira Silva;NO;mai/23;Nicolas
173;0;0;0;0;0,5512;0,4359;0;0;0;0,8226;2,2196;2;Moderado;Bom pagador;Talita Oliveira Silva;TO;jun/23;Talita
174;2;4;1;7;0,1428;0,8592;1;0;0;7,2157;9,183;4;Muito alto;Mau pagador;S‚rgio Oliveira Silva;SO;jul/23;S‚rgio
175;1;0;0;1;0,0382;0,1738;1;0;0;1,0933;1,9736;2;Moderado;Bom pagador;Tadeu Oliveira Silva;TO;ago/23;Tadeu
176;0;0;0;0;0,1472;0,2468;0;0;0;0,9848;2,6588;2;Moderado;Bom pagador;Z‚lia Oliveira Silva;ZO;set/23;Z‚lia
177;0;0;0;0;0,4356;0,891;0;0;0;1,8951;6,7936;3;Alto;Bom pagador;William Oliveira Silva;WO;out/23;William
178;0;0;0;0;1130;0,0259;0;0;0;627,7922;5,5403;4;Muito alto;Bom pagador;Lorena Oliveira Silva;LO;nov/23;Lorena
179;0;0;0;0;0,2119;0,5477;0;0;0;0,7596;1,8682;2;Moderado;Bom pagador;Mirela Oliveira Silva;MO;dez/23;Mirela
180;1;1;0;2;0,1531;0,0673;1;0;0;2,0078;2,0674;3;Alto;Bom pagador;Gabriel Souza Silva;GS;jan/24;Gabriel
181;0;0;0;0;0,0306;0,0747;0;0;0;0,0877;1,798;1;Baixo;Bom pagador;Beatriz Souza Silva;BS;fev/24;Beatriz
182;0;0;0;0;454;0,0137;0;0;0;648,591;5,6106;4;Muito alto;Bom pagador;Mateus Souza Silva;MS;mar/24;Mateus
183;0;0;0;0;0,6771;0,0178;0;0;0;0,5792;2,085;2;Moderado;Bom pagador;Pedro Souza Silva;PS;abr/24;Pedro
184;1;0;0;1;0;1;1;0;0;5,5;9,8682;4;Muito alto;Mau pagador;Eduarda Souza Silva;ES;mai/24;Eduarda
185;0;0;0;0;0,7421;0,3342;0;0;0;0,7175;2,2196;2;Moderado;Bom pagador;Rafael Souza Silva;RS;jun/24;Rafael
186;0;0;0;0;2686;0,133;0;0;0;3357,6662;5,5696;4;Muito alto;Bom pagador;Gabriela Souza Silva;GS;jul/24;Gabriela
187;0;0;0;0;533;0,0126;0;0;0;888,3543;5,6106;4;Muito alto;Bom pagador;Carlos Souza Silva;CS;ago/24;Carlos
188;0;0;0;0;0,1808;0,0262;0;0;0;0,2957;1,7336;1;Baixo;Bom pagador;Felipe Souza Silva;FS;set/24;Felipe
189;0;0;0;0;0,5474;0,9022;0;0;0;2,416;6,126;3;Alto;Bom pagador;Thiago Souza Silva;TS;out/24;Thiago
190;0;0;0;0;0,3814;0,0531;0;0;0;0,7241;2,7116;2;Moderado;Bom pagador;Larissa Souza Silva;LS;nov/24;Larissa
191;1;1;0;2;803;0,2585;1;0;0;503,9116;5,7628;4;Muito alto;Bom pagador;Andr‚ Souza Silva;AS;dez/24;Andr‚
192;0;0;0;0;0,0181;0,0996;0;0;0;0,1682;2,4656;1;Baixo;Bom pagador;Leonardo Souza Silva;LS;jan/21;Leonardo
193;2;0;0;2;0,4529;0,0199;1;0;0;2,1705;3,0923;3;Alto;Bom pagador;Patr¡cia Souza Silva;PS;fev/21;Patr¡cia
194;0;0;0;0;2690;0,4604;0;0;0;1793,6402;5,6925;4;Muito alto;Bom pagador;Ricardo Souza Silva;RS;mar/21;Ricardo
195;3;0;1;4;1775;0,8338;1;0;0;1779,4338;9,2943;4;Muito alto;Mau pagador;Daniel Souza Silva;DS;abr/21;Daniel
196;1;0;0;1;0,1058;0,0296;1;0;0;1,0253;1,7804;2;Moderado;Bom pagador;Tatiane Souza Silva;TS;mai/21;Tatiane
197;0;0;0;0;0,1655;0,2152;0;0;0;0,3173;1,9209;1;Baixo;Bom pagador;Eduardo Souza Silva;ES;jun/21;Eduardo
198;0;0;0;0;0,5501;0,4112;0;0;0;0,8739;2,2196;2;Moderado;Bom pagador;Yasmin Souza Silva;YS;jul/21;Yasmin
199;0;0;0;0;0,1308;0,0762;0;0;0;0,2956;1,7804;1;Baixo;Bom pagador;Amanda Souza Silva;AS;ago/21;Amanda
200;0;0;0;0;0,2322;0,2981;0;0;0;0,6629;2,5534;2;Moderado;Bom pagador;Diego Souza Silva;DS;set/21;Diego
201;0;0;0;0;0,3107;0,2066;0;0;0;0,739;2,5534;2;Moderado;Bom pagador;Carla Souza Silva;CS;out/21;Carla
202;1;0;0;1;0,1239;0,2458;1;0;0;1,5394;2,9985;3;Alto;Bom pagador;Murilo Souza Silva;MS;nov/21;Murilo
203;0;0;1;1;0,1055;1;1;0;0;3,011;5,8624;3;Alto;Bom pagador;Samuel Souza Silva;SS;dez/21;Samuel
204;0;0;1;1;0,1754;0,5472;1;0;0;1,6918;2,3133;3;Alto;Bom pagador;Fl via Souza Silva;FS;jan/22;Fl via
205;0;0;0;0;0;0;0;0;0;0;1,839;1;Baixo;Bom pagador;Arthur Souza Silva;AS;fev/22;Arthur
206;0;0;0;0;965;0,0089;0;0;0;1608,3482;5,6106;4;Muito alto;Bom pagador;Helo¡sa Souza Silva;HS;mar/22;Helo¡sa
207;1;0;0;1;1725;0,3466;1;0;0;2465,638;5,7628;4;Muito alto;Bom pagador;Bernardo Souza Silva;BS;abr/22;Bernardo
208;0;0;0;0;0;1;0;0;0;10;9,1303;4;Muito alto;Mau pagador;Ot vio Souza Silva;OS;mai/22;Ot vio
209;0;0;0;0;1449;0,0028;0;0;0;1811,2535;5,6106;4;Muito alto;Bom pagador;Heitor Souza Silva;HS;jun/22;Heitor
210;0;0;0;0;0,3211;0,0239;0;0;0;0,3136;2,4012;1;Baixo;Bom pagador;Manuela Souza Silva;MS;jul/22;Manuela
211;0;0;0;0;0,0641;0,1014;0;0;0;0,2069;1,798;1;Baixo;Bom pagador;Pietro Souza Silva;PS;ago/22;Pietro
212;0;0;0;0;0,0091;0,0215;0;0;0;0,0279;2,5066;1;Baixo;Bom pagador;Yuri Souza Silva;YS;set/22;Yuri
213;0;0;0;0;0,4268;0,0561;0;0;0;0,6899;2,044;2;Moderado;Bom pagador;Priscila Souza Silva;PS;out/22;Priscila
214;0;0;0;0;828;0,5073;0;0;0;2071,2681;5,7628;4;Muito alto;Bom pagador;Igor Souza Silva;IS;nov/22;Igor
215;0;0;0;0;272;0;0;0;0;302,2222;5,6106;4;Muito alto;Bom pagador;Renato Souza Silva;RS;dez/22;Renato
216;0;0;0;0;0,1421;0,5612;0;0;0;1,1722;5,8097;3;Alto;Bom pagador;Tain  Souza Silva;TS;jan/23;Tain 
217;0;0;0;0;0,5881;0,372;0;0;0;0,8;2,2196;2;Moderado;Bom pagador;C‚sar Souza Silva;CS;fev/23;C‚sar
218;0;0;0;0;17;0,2684;0;0;0;34,5368;5,6925;4;Muito alto;Bom pagador;Aline Souza Silva;AS;mar/23;Aline
219;0;0;0;0;0,1188;0,3078;0;0;0;0,474;1,9912;2;Moderado;Bom pagador;Bruna Souza Silva;BS;abr/23;Bruna
220;0;0;0;0;0,578;0,966;0;0;0;1,5439;6,126;3;Alto;Bom pagador;Alan Souza Silva;AS;mai/23;Alan
221;0;0;0;0;0,2742;0,063;0;0;0;0,562;1,6926;2;Moderado;Bom pagador;Daiane Souza Silva;DS;jun/23;Daiane
222;2;0;0;2;0;0;1;0;0;1,6;2,1787;3;Alto;Bom pagador;Breno Souza Silva;BS;jul/23;Breno
223;0;0;0;0;0,209;1;0;0;0;6,045;9,0952;4;Muito alto;Mau pagador;CauÆ Souza Silva;CS;ago/23;CauÆ
224;0;0;0;0;0,1308;0,0661;0;0;0;0,394;1,7804;2;Moderado;Bom pagador;Geovana Souza Silva;GS;set/23;Geovana
225;0;0;0;0;0,0588;0,7669;0;0;0;1,1796;5,8624;3;Alto;Bom pagador;Cl udio Souza Silva;CS;out/23;Cl udio
226;0;0;0;0;0,2594;0,0992;0;0;0;0,5121;1,675;2;Moderado;Bom pagador;J‚ssica Souza Silva;JS;nov/23;J‚ssica
227;0;0;0;0;0,1607;0,1817;0;0;0;0,163;2,6588;1;Baixo;Bom pagador;Elias Souza Silva;ES;dez/23;Elias
228;0;0;0;0;0,3799;0,0862;0;0;0;0,2913;2,0264;1;Baixo;Bom pagador;Fernando Souza Silva;FS;jan/24;Fernando
229;4;0;0;4;0,3657;0,3047;1;0;0;4,2705;2,2079;3;Alto;Bom pagador;J£lio Souza Silva;JS;fev/24;J£lio
230;0;0;0;0;0,0724;0,1234;0;0;0;0,2176;1,7804;1;Baixo;Bom pagador;Paula Souza Silva;PS;mar/24;Paula
231;1;0;0;1;0,9735;0,5715;1;0;0;2,2042;5,921;3;Alto;Bom pagador;M rcio Souza Silva;MS;abr/24;M rcio
232;0;0;0;0;0,4931;0,6683;0;0;0;1,9357;6,7936;3;Alto;Bom pagador;Nicolas Souza Silva;NS;mai/24;Nicolas
233;0;0;2;2;0,434;0,7942;1;0;0;3,7137;6,126;3;Alto;Bom pagador;Talita Souza Silva;TS;jun/24;Talita
234;0;0;0;0;0,1155;0,5639;0;0;0;0,6794;5,5227;2;Moderado;Bom pagador;S‚rgio Souza Silva;SS;jul/24;S‚rgio
235;0;0;0;0;0,2847;0,2913;0;0;0;0,72;1,8682;2;Moderado;Bom pagador;Tadeu Souza Silva;TS;ago/24;Tadeu
236;0;0;0;0;0,8869;0,0825;0;0;0;0,8812;1,9093;2;Moderado;Bom pagador;Z‚lia Souza Silva;ZS;set/24;Z‚lia
237;0;1;1;2;0,2614;0;1;0;0;2,0472;2,0557;3;Alto;Bom pagador;William Souza Silva;WS;out/24;William
238;0;0;0;0;1779;0,4435;0;0;0;2542,0622;5,6925;4;Muito alto;Bom pagador;Lorena Souza Silva;LS;nov/24;Lorena
239;0;0;0;0;0,495;0,2833;0;0;0;0,3538;2,1669;1;Baixo;Bom pagador;Mirela Souza Silva;MS;dez/24;Mirela
240;0;0;0;0;0,6388;0,3849;0;0;0;0,6398;2,1669;2;Moderado;Bom pagador;Gabriel Lima Silva;GL;jan/21;Gabriel
241;1;0;0;1;0,1945;0,1748;1;0;0;1,3365;2,8931;3;Alto;Bom pagador;Beatriz Lima Silva;BL;fev/21;Beatriz
242;0;0;0;0;0,703;0;0;0;0;0,3348;2,0674;1;Baixo;Bom pagador;Mateus Lima Silva;ML;mar/21;Mateus
243;0;0;0;0;467;0;0;0;0;1556,6667;6,2782;4;Muito alto;Bom pagador;Pedro Lima Silva;PL;abr/21;Pedro
244;0;0;0;0;0,7893;0,9912;0;0;0;2,2256;6,7936;3;Alto;Bom pagador;Eduarda Lima Silva;EL;mai/21;Eduarda
245;2;1;0;3;0,4638;1,0104;1;0;0;4,0674;6,0557;3;Alto;Bom pagador;Rafael Lima Silva;RL;jun/21;Rafael
246;0;0;0;0;0,4118;0,0792;0;0;0;0,4092;2,0264;2;Moderado;Bom pagador;Gabriela Lima Silva;GL;jul/21;Gabriela
247;0;0;0;0;0,0072;0,0247;0;0;0;0,0798;1,839;1;Baixo;Bom pagador;Carlos Lima Silva;CL;ago/21;Carlos
248;0;0;0;0;0,2462;0,0798;0;0;0;0,2174;1,6223;1;Baixo;Bom pagador;Felipe Lima Silva;FL;set/21;Felipe
249;0;0;0;0;657;0,2146;0;0;0;3286,0729;5,7628;4;Muito alto;Bom pagador;Thiago Lima Silva;TL;out/21;Thiago
250;0;0;0;0;983;0,0146;0;0;0;1228,7682;5,6106;4;Muito alto;Bom pagador;Larissa Lima Silva;LL;nov/21;Larissa
251;0;0;0;0;0,2759;0,0828;0;0;0;0,3985;2,3602;2;Moderado;Bom pagador;Andr‚ Lima Silva;AL;dez/21;Andr‚
252;0;0;0;0;0;1;0;0;0;10;9,1303;4;Muito alto;Mau pagador;Leonardo Lima Silva;LL;jan/22;Leonardo
253;0;0;0;0;0,1134;0,7674;0;0;0;2,9361;6,5476;3;Alto;Bom pagador;Patr¡cia Lima Silva;PL;fev/22;Patr¡cia
254;0;0;0;0;0,4522;0,0534;0;0;0;0,632;2,0264;2;Moderado;Bom pagador;Ricardo Lima Silva;RL;mar/22;Ricardo
255;0;0;0;0;32;0,0801;0;0;0;53,4668;5,5696;4;Muito alto;Bom pagador;Daniel Lima Silva;DL;abr/22;Daniel
256;0;0;0;0;0,4411;0,06;0;0;0;0,7159;2,044;2;Moderado;Bom pagador;Tatiane Lima Silva;TL;mai/22;Tatiane
257;0;0;0;0;0,7222;0;0;0;0;1,2036;2,4071;3;Alto;Bom pagador;Eduardo Lima Silva;EL;jun/22;Eduardo
258;0;0;0;0;0,139;0;0;0;0;0,1985;1,8214;1;Baixo;Bom pagador;Yasmin Lima Silva;YL;jul/22;Yasmin
259;1;0;0;1;0,9781;0,3974;1;0;0;1,7086;3,1098;3;Alto;Bom pagador;Amanda Lima Silva;AL;ago/22;Amanda
260;1;0;0;1;0,2759;0,0095;1;0;0;1,3707;2,0557;3;Alto;Bom pagador;Diego Lima Silva;DL;set/22;Diego
261;0;0;0;0;283;0,1761;0;0;0;566,3523;5,7628;4;Muito alto;Bom pagador;Carla Lima Silva;CL;out/22;Carla
262;0;0;0;0;0,1739;0,0731;0;0;0;0,3088;1,7277;1;Baixo;Bom pagador;Murilo Lima Silva;ML;nov/22;Murilo
263;0;0;0;0;0,2512;0,1857;0;0;0;0,3641;1,8682;1;Baixo;Bom pagador;Samuel Lima Silva;SL;dez/22;Samuel
264;0;0;0;0;1971;0,144;0;0;0;3285,24;5,5696;4;Muito alto;Bom pagador;Fl via Lima Silva;FL;jan/23;Fl via
265;0;0;0;0;0,2098;0,0691;0;0;0;0,3486;1,675;1;Baixo;Bom pagador;Arthur Lima Silva;AL;fev/23;Arthur
266;0;0;0;0;1221;0;0;0;0;1356,6667;5,6106;4;Muito alto;Bom pagador;Helo¡sa Lima Silva;HL;mar/23;Helo¡sa
267;0;0;0;0;1,7987;0,722;0;0;0;1,939;6,6589;3;Alto;Bom pagador;Bernardo Lima Silva;BL;abr/23;Bernardo
268;0;0;0;0;1373;0,0327;0;0;0;4576,7758;5,4993;4;Muito alto;Bom pagador;Ot vio Lima Silva;OL;mai/23;Ot vio
269;4;0;1;5;0,8824;1,0923;1;0;1;5,9831;9,2943;4;Muito alto;Mau pagador;Heitor Lima Silva;HL;jun/23;Heitor
270;0;0;0;0;0,3084;0,0475;0;0;0;0,2737;1,6926;1;Baixo;Bom pagador;Manuela Lima Silva;ML;jul/23;Manuela
271;0;0;0;0;0,0095;0,0377;0;0;0;0,118;1,7277;1;Baixo;Bom pagador;Pietro Lima Silva;PL;ago/23;Pietro
272;0;0;0;0;1,5942;0,351;0;0;0;2,4315;2,3719;3;Alto;Bom pagador;Yuri Lima Silva;YL;set/23;Yuri
273;0;0;0;0;0,3313;0,7887;0;0;0;1,6;5,7043;3;Alto;Bom pagador;Priscila Lima Silva;PL;out/23;Priscila
274;0;0;0;0;0,6059;0,1841;0;0;0;0,7183;2,2196;2;Moderado;Bom pagador;Igor Lima Silva;IL;nov/23;Igor
275;0;0;2;2;0,1985;1;1;0;0;3,997;5,757;3;Alto;Bom pagador;Renato Lima Silva;RL;dez/23;Renato
276;0;0;0;0;1586;0,0718;0;0;0;3172,1436;5,4993;4;Muito alto;Bom pagador;Tain  Lima Silva;TL;jan/24;Tain 
277;0;0;0;0;122;0,17;0;0;0;407,2332;6,4304;4;Muito alto;Bom pagador;C‚sar Lima Silva;CL;fev/24;C‚sar
278;1;0;0;1;0,618;0,0251;1;0;0;1,3621;2,3544;3;Alto;Bom pagador;Aline Lima Silva;AL;mar/24;Aline
279;0;0;0;0;1,2251;0,2443;0;0;0;1,0496;2,0322;2;Moderado;Bom pagador;Bruna Lima Silva;BL;abr/24;Bruna
280;0;0;0;0;0,0082;1,1079;0;0;1;3,7205;5,8097;3;Alto;Bom pagador;Alan Lima Silva;AL;mai/24;Alan
281;0;0;0;0;0,5444;0,8522;0;0;0;1,5518;6,0557;3;Alto;Bom pagador;Daiane Lima Silva;DL;jun/24;Daiane
282;0;0;0;0;0,2527;0,0746;0;0;0;0,4674;1,675;2;Moderado;Bom pagador;Breno Lima Silva;BL;jul/24;Breno
283;0;0;0;0;0,4102;1;0;0;0;2,8205;6,0557;3;Alto;Bom pagador;CauÆ Lima Silva;CL;ago/24;CauÆ
284;0;0;0;0;3,0774;0,1794;0;0;0;2,3263;2,3719;3;Alto;Bom pagador;Geovana Lima Silva;GL;set/24;Geovana
285;1;0;0;1;0,3579;0,0332;1;0;0;1,2646;2,6999;3;Alto;Bom pagador;Cl udio Lima Silva;CL;out/24;Cl udio
286;0;0;0;0;0,2893;0,0343;0;0;0;0,2942;1,6223;1;Baixo;Bom pagador;J‚ssica Lima Silva;JL;nov/24;J‚ssica
287;0;0;0;0;3527;0,0179;0;0;0;2713,0907;5,6106;4;Muito alto;Bom pagador;Elias Lima Silva;EL;dez/24;Elias
288;0;0;0;0;36;0,036;0;0;0;90,09;6,2372;4;Muito alto;Bom pagador;Fernando Lima Silva;FL;jan/21;Fernando
289;0;0;0;0;0,014;0,0252;0;0;0;0,0784;1,7687;1;Baixo;Bom pagador;J£lio Lima Silva;JL;fev/21;J£lio
290;0;0;0;0;0,3689;0,0223;0;0;0;0,2794;2,0147;1;Baixo;Bom pagador;Paula Lima Silva;PL;mar/21;Paula
291;2;0;0;2;0,1495;0,9879;1;0;0;3,8749;5,88;3;Alto;Bom pagador;M rcio Lima Silva;ML;abr/21;M rcio
292;0;0;0;0;0,0568;0,0611;0;0;0;0,1179;2,4656;1;Baixo;Bom pagador;Nicolas Lima Silva;NL;mai/21;Nicolas
293;0;0;0;0;0,2915;0,013;0;0;0;0,3807;1,716;1;Baixo;Bom pagador;Talita Lima Silva;TL;jun/21;Talita
294;0;0;0;0;0,4126;0,0212;0;0;0;0,3615;2,085;1;Baixo;Bom pagador;S‚rgio Lima Silva;SL;jul/21;S‚rgio
295;2;0;0;2;0,435;1,04;1;0;0;4,5499;6,0557;3;Alto;Bom pagador;Tadeu Lima Silva;TL;ago/21;Tadeu
296;0;0;0;0;0,613;1;0;0;0;8,0649;9,4466;4;Muito alto;Mau pagador;Z‚lia Lima Silva;ZL;set/21;Z‚lia
297;1;0;2;3;0,1863;1;1;0;0;14,8627;9,7628;4;Muito alto;Mau pagador;William Lima Silva;WL;out/21;William
298;5;0;0;5;5057;0,0569;1;1;0;8432,5948;5,5696;4;Muito alto;Bom pagador;Lorena Lima Silva;LL;nov/21;Lorena
299;1;0;0;1;0,2695;0;1;0;0;1,565;2,003;3;Alto;Bom pagador;Mirela Lima Silva;ML;dez/21;Mirela
300;3;0;0;3;0,3224;0,5696;1;0;0;3,6578;6,4422;3;Alto;Bom pagador;Gabriel Pereira Silva;GP;jan/22;Gabriel
301;1;0;0;1;0,4816;0,5178;1;0;0;1,7495;2,5769;3;Alto;Bom pagador;Beatriz Pereira Silva;BP;fev/22;Beatriz
302;0;0;0;0;0,0911;0;0;0;0;0,1139;1,8214;1;Baixo;Bom pagador;Mateus Pereira Silva;MP;mar/22;Mateus
303;0;0;0;0;0,2202;0,0072;0;0;0;0,3249;1,716;1;Baixo;Bom pagador;Pedro Pereira Silva;PP;abr/22;Pedro
304;0;0;0;0;0,3481;0,9312;0;0;0;2,1322;5,7043;3;Alto;Bom pagador;Eduarda Pereira Silva;EP;mai/22;Eduarda
305;0;0;0;0;0,4146;0,0049;0;0;0;0,4662;2,0147;2;Moderado;Bom pagador;Rafael Pereira Silva;RP;jun/22;Rafael
306;0;0;0;0;0,5887;0,6552;0;0;0;0,7317;5,7687;2;Moderado;Bom pagador;Gabriela Pereira Silva;GP;jul/22;Gabriela
307;1;3;2;6;0,6784;1;1;0;0;8,696;9,429;4;Muito alto;Mau pagador;Carlos Pereira Silva;CP;ago/22;Carlos
308;0;0;0;0;0,2833;0,0126;0;0;0;0,3699;1,7336;1;Baixo;Bom pagador;Felipe Pereira Silva;FP;set/22;Felipe
309;0;0;0;0;46;0,0357;0;0;0;153,4523;5,5696;4;Muito alto;Bom pagador;Thiago Pereira Silva;TP;out/22;Thiago
310;1;0;0;1;0,4823;0,7182;1;0;0;3,2011;6,126;3;Alto;Bom pagador;Larissa Pereira Silva;LP;nov/22;Larissa
311;0;0;0;0;0,0826;0,0137;0;0;0;0,0642;1,7687;1;Baixo;Bom pagador;Andr‚ Pereira Silva;AP;dez/22;Andr‚
312;1;0;0;1;0,3452;0,0022;1;0;0;1,1903;2,003;3;Alto;Bom pagador;Leonardo Pereira Silva;LP;jan/23;Leonardo
313;0;0;0;0;0,6122;0,277;0;0;0;0,8892;2,1669;2;Moderado;Bom pagador;Patr¡cia Pereira Silva;PP;fev/23;Patr¡cia
314;2;0;0;2;0,0896;0,6886;1;0;0;2,413;5,88;3;Alto;Bom pagador;Ricardo Pereira Silva;RP;mar/23;Ricardo
315;0;0;0;0;0,1213;0,1;0;0;0;0,2213;1,7804;1;Baixo;Bom pagador;Daniel Pereira Silva;DP;abr/23;Daniel
316;0;0;0;0;0,0238;0,0162;0;0;0;0,0799;2,5066;1;Baixo;Bom pagador;Tatiane Pereira Silva;TP;mai/23;Tatiane
317;0;0;0;0;0,5197;0,2921;0;0;0;0,738;2,1669;2;Moderado;Bom pagador;Eduardo Pereira Silva;EP;jun/23;Eduardo
318;0;0;0;0;0,017;0,0247;0;0;0;0,1043;1,839;1;Baixo;Bom pagador;Yasmin Pereira Silva;YP;jul/23;Yasmin
319;0;0;0;0;2967,5;0,4362;0;0;0;1854,9601;6,4304;4;Muito alto;Bom pagador;Amanda Pereira Silva;AP;ago/23;Amanda
320;0;0;0;0;0,7261;0,4512;0;0;0;1,3081;3,2445;3;Alto;Bom pagador;Diego Pereira Silva;DP;set/23;Diego
321;4;0;0;4;0,3463;0,1569;1;0;0;4,1033;2,2079;3;Alto;Bom pagador;Carla Pereira Silva;CP;out/23;Carla
322;0;0;0;0;0,6412;0,3003;0;0;0;1,5692;2,5769;3;Alto;Bom pagador;Murilo Pereira Silva;MP;nov/23;Murilo
323;0;0;0;0;0,027;0,3479;0;0;0;0,5356;1,9736;2;Moderado;Bom pagador;Samuel Pereira Silva;SP;dez/23;Samuel
324;0;0;0;0;1126;0,9067;0;0;0;2253,8134;9,3119;4;Muito alto;Mau pagador;Fl via Pereira Silva;FP;jan/24;Fl via
325;0;0;0;0;0,82;0,0141;0;0;0;0,5958;2,7526;2;Moderado;Bom pagador;Arthur Pereira Silva;AP;fev/24;Arthur
326;0;0;0;0;0,2707;0,3234;0;0;0;0,3127;1,8682;1;Baixo;Bom pagador;Helo¡sa Pereira Silva;HP;mar/24;Helo¡sa
327;1;0;0;1;0,1422;0,0009;1;0;0;1,0862;1,7687;2;Moderado;Bom pagador;Bernardo Pereira Silva;BP;abr/24;Bernardo
328;0;0;0;0;0,6267;0,3865;0;0;0;1,4475;2,5066;3;Alto;Bom pagador;Ot vio Pereira Silva;OP;mai/24;Ot vio
329;0;0;0;0;0,5121;0,0911;0;0;0;0,464;2,7116;2;Moderado;Bom pagador;Heitor Pereira Silva;HP;jun/24;Heitor
330;0;0;0;0;0,4758;0,0619;0;0;0;0,3585;1,9737;1;Baixo;Bom pagador;Manuela Pereira Silva;MP;jul/24;Manuela
331;0;1;2;3;0,4707;1;1;0;0;5,9268;9,4466;4;Muito alto;Mau pagador;Pietro Pereira Silva;PP;ago/24;Pietro
332;0;0;0;0;213;0,1708;0;0;0;304,5298;6,4304;4;Muito alto;Bom pagador;Yuri Pereira Silva;YP;set/24;Yuri
333;0;0;0;0;0,1762;0,0205;0;0;0;0,3279;1,8214;1;Baixo;Bom pagador;Priscila Pereira Silva;PP;out/24;Priscila
334;0;0;0;0;0,4349;0;0;0;0;0,7249;2,0674;2;Moderado;Bom pagador;Igor Pereira Silva;IP;nov/24;Igor
335;0;0;0;0;0,0404;0,0238;0;0;0;0,0583;1,8214;1;Baixo;Bom pagador;Renato Pereira Silva;RP;dez/24;Renato
336;0;0;0;0;0,1925;0,7488;0;0;0;3,1376;5,7043;3;Alto;Bom pagador;Tain  Pereira Silva;TP;jan/21;Tain 
337;0;0;0;0;0,0585;1,0706;0;0;0;3,7636;5,8097;3;Alto;Bom pagador;C‚sar Pereira Silva;CP;fev/21;C‚sar
338;0;0;0;0;0,1663;0,0143;0;0;0;0,1642;1,7687;1;Baixo;Bom pagador;Aline Pereira Silva;AP;mar/21;Aline
339;0;0;0;0;0,3967;0,1285;0;0;0;0,8754;2,044;2;Moderado;Bom pagador;Bruna Pereira Silva;BP;abr/21;Bruna
340;0;0;0;0;0,2582;0,0195;0;0;0;0,1736;1,6633;1;Baixo;Bom pagador;Alan Pereira Silva;AP;mai/21;Alan
341;0;0;0;0;0;0;0;0;0;0;1,839;1;Baixo;Bom pagador;Daiane Pereira Silva;DP;jun/21;Daiane
342;0;0;0;0;0,2969;0,009;0;0;0;0,2781;1,7336;1;Baixo;Bom pagador;Breno Pereira Silva;BP;jul/21;Breno
343;0;0;0;0;0,0003;1;0;0;0;5,0015;9,2006;4;Muito alto;Mau pagador;CauÆ Pereira Silva;CP;ago/21;CauÆ
344;0;0;0;0;48;0,0518;0;0;0;240,2588;5,4993;4;Muito alto;Bom pagador;Geovana Pereira Silva;GP;set/21;Geovana
345;0;0;0;0;0,2165;0,0856;0;0;0;0,6043;1,6926;2;Moderado;Bom pagador;Cl udio Pereira Silva;CP;out/21;Cl udio
346;1;0;0;1;0,4141;0,6679;1;0;0;1,5456;6,1084;3;Alto;Bom pagador;J‚ssica Pereira Silva;JP;nov/21;J‚ssica
347;3;0;0;3;0,9103;0,5466;1;0;0;3,6805;2,3719;3;Alto;Bom pagador;Elias Pereira Silva;EP;dez/21;Elias
348;0;0;1;1;0,0309;1;1;0;0;11,3089;9,8682;4;Muito alto;Mau pagador;Fernando Pereira Silva;FP;jan/22;Fernando
349;0;0;0;0;0,4858;0,2579;0;0;0;1,2395;2,5593;3;Alto;Bom pagador;J£lio Pereira Silva;JP;fev/22;J£lio
350;0;0;0;0;0,4218;0,2159;0;0;0;0,5314;2,2196;2;Moderado;Bom pagador;Paula Pereira Silva;PP;mar/22;Paula
351;0;0;0;0;2870;0,3376;0;0;0;2870,3376;5,6925;4;Muito alto;Bom pagador;M rcio Pereira Silva;MP;abr/22;M rcio
352;0;0;0;0;3046;1;0;0;0;6094;9,2416;4;Muito alto;Mau pagador;Nicolas Pereira Silva;NP;mai/22;Nicolas
353;0;0;0;0;1,383;0,1188;0;0;0;0,6007;1,839;2;Moderado;Bom pagador;Talita Pereira Silva;TP;jun/22;Talita
354;0;0;0;0;0,3296;0,8913;0;0;0;1,3566;5,757;3;Alto;Bom pagador;S‚rgio Pereira Silva;SP;jul/22;S‚rgio
355;0;0;0;0;1390;0,0131;0;0;0;1737,5164;5,5403;4;Muito alto;Bom pagador;Tadeu Pereira Silva;TP;ago/22;Tadeu
356;0;0;0;0;32;0,0536;0;0;0;160,2681;5,5696;4;Muito alto;Bom pagador;Z‚lia Pereira Silva;ZP;set/22;Z‚lia
357;0;0;0;0;0,2861;0,1264;0;0;0;0,4584;1,675;2;Moderado;Bom pagador;William Pereira Silva;WP;out/22;William
358;0;0;0;0;241;1;0;0;0;605;9,9795;4;Muito alto;Mau pagador;Lorena Pereira Silva;LP;nov/22;Lorena
359;0;0;0;0;0,5336;0,0353;0;0;0;0,5172;2,0264;2;Moderado;Bom pagador;Mirela Pereira Silva;MP;dez/22;Mirela
360;0;0;0;0;0,1074;0,1798;0;0;0;0,7182;1,9912;2;Moderado;Bom pagador;Gabriel Costa Silva;GC;jan/23;Gabriel
361;0;0;0;0;0,3377;0,1036;0;0;0;0,4903;2,3602;2;Moderado;Bom pagador;Beatriz Costa Silva;BC;fev/23;Beatriz
362;2;1;0;3;0,2851;1,0019;1;0;0;3,987;5,757;3;Alto;Bom pagador;Mateus Costa Silva;MC;mar/23;Mateus
363;0;1;0;1;1132;0,0035;1;0;0;1618,005;5,5403;4;Muito alto;Bom pagador;Pedro Costa Silva;PC;abr/23;Pedro
364;0;0;0;0;0,1422;1;0;0;0;2,8555;5,88;3;Alto;Bom pagador;Eduarda Costa Silva;EC;mai/23;Eduarda
365;2;0;0;2;0,7667;0,0789;1;0;0;2,3228;3,0513;3;Alto;Bom pagador;Rafael Costa Silva;RC;jun/23;Rafael
366;0;0;0;0;0,454;0,1914;0;0;0;0,7171;2,1669;2;Moderado;Bom pagador;Gabriela Costa Silva;GC;jul/23;Gabriela
367;0;0;0;0;664;0,1927;0;0;0;664,1927;6,4304;4;Muito alto;Bom pagador;Carlos Costa Silva;CC;ago/23;Carlos
368;0;0;0;0;0,41;0,4167;0;0;0;1,0334;2,2196;2;Moderado;Bom pagador;Felipe Costa Silva;FC;set/23;Felipe
369;0;0;0;0;0,3761;0,066;0;0;0;0,4019;2,0264;2;Moderado;Bom pagador;Thiago Costa Silva;TC;out/23;Thiago
370;0;0;0;0;0,3373;0,0259;0;0;0;0,3632;2,4012;1;Baixo;Bom pagador;Larissa Costa Silva;LC;nov/23;Larissa
371;0;0;0;0;0,1509;0,0015;0;0;0;0,1385;1,8214;1;Baixo;Bom pagador;Andr‚ Costa Silva;AC;dez/23;Andr‚
372;0;0;0;0;0,8815;0,6691;0;0;0;1,9382;5,921;3;Alto;Bom pagador;Leonardo Costa Silva;LC;jan/24;Leonardo
373;6;0;1;7;0,3948;0,4154;1;0;0;7,058;5,8799;4;Muito alto;Bom pagador;Patr¡cia Costa Silva;PC;fev/24;Patr¡cia
374;0;0;0;0;0,1793;0,0036;0;0;0;0,2287;1,716;1;Baixo;Bom pagador;Ricardo Costa Silva;RC;mar/24;Ricardo
375;0;0;0;0;0,3283;0,5455;0;0;0;1,2482;2,2079;3;Alto;Bom pagador;Daniel Costa Silva;DC;abr/24;Daniel
376;0;0;0;0;0,1838;0,2878;0;0;0;0,524;2,5534;2;Moderado;Bom pagador;Tatiane Costa Silva;TC;mai/24;Tatiane
377;0;0;0;0;306;1,1212;0;0;1;614,2423;9,2416;4;Muito alto;Mau pagador;Eduardo Costa Silva;EC;jun/24;Eduardo
378;0;0;0;0;0,4154;0,9051;0;0;0;1,4672;6,126;3;Alto;Bom pagador;Yasmin Costa Silva;YC;jul/24;Yasmin
379;1;0;2;3;0,1086;1;1;0;0;7,0431;9,8682;4;Muito alto;Mau pagador;Amanda Costa Silva;AC;ago/24;Amanda
380;0;0;0;0;0;1;0;0;0;3,3333;5,88;3;Alto;Bom pagador;Diego Costa Silva;DC;set/24;Diego
381;0;0;0;0;0,6263;0,2615;0;0;0;0,5918;2,9048;2;Moderado;Bom pagador;Carla Costa Silva;CC;out/24;Carla
382;0;0;0;0;0,2614;0;0;0;0;0,3267;1,7336;1;Baixo;Bom pagador;Murilo Costa Silva;MC;nov/24;Murilo
383;0;0;0;0;0,2799;0,0262;0;0;0;0,1913;1,7336;1;Baixo;Bom pagador;Samuel Costa Silva;SC;dez/24;Samuel
384;2;1;0;3;0,9607;0,6776;1;0;0;3,9559;5,921;3;Alto;Bom pagador;Fl via Costa Silva;FC;jan/21;Fl via
385;1;0;0;1;2,9061;0,0049;1;0;0;2,2777;2,9576;3;Alto;Bom pagador;Arthur Costa Silva;AC;fev/21;Arthur
386;1;0;0;1;0,7352;0;1;0;0;1,3025;2,3544;3;Alto;Bom pagador;Helo¡sa Costa Silva;HC;mar/21;Helo¡sa
387;0;0;0;0;0,1865;0;0;0;0;0,0888;1,6633;1;Baixo;Bom pagador;Bernardo Costa Silva;BC;abr/21;Bernardo
388;0;0;0;0;0,0065;0,0198;0;0;0;0,0329;1,839;1;Baixo;Bom pagador;Ot vio Costa Silva;OC;mai/21;Ot vio
389;0;0;0;0;26;0;0;0;0;86,6667;5,6106;4;Muito alto;Bom pagador;Heitor Costa Silva;HC;jun/21;Heitor
390;1;1;0;2;0,4179;0,2069;1;0;0;2,7079;3,2445;3;Alto;Bom pagador;Manuela Costa Silva;MC;jul/21;Manuela
391;1;0;0;1;0,0748;0,5568;1;0;0;1,7594;6,5476;3;Alto;Bom pagador;Pietro Costa Silva;PC;ago/21;Pietro
392;1;0;0;1;0,8712;0,1234;1;0;0;1,6881;3,0513;3;Alto;Bom pagador;Yuri Costa Silva;YC;set/21;Yuri
393;0;0;0;0;111;0,3929;0;0;0;556,9645;5,6925;4;Muito alto;Bom pagador;Priscila Costa Silva;PC;out/21;Priscila
394;0;0;0;0;0,5269;0,0755;0;0;0;0,6024;1,9737;2;Moderado;Bom pagador;Igor Costa Silva;IC;nov/21;Igor
395;1;0;0;1;0,0066;1;1;0;0;4,0219;6,5476;3;Alto;Bom pagador;Renato Costa Silva;RC;dez/21;Renato
396;0;0;0;0;0,2112;5186;0;0;1;10372,4223;9,7628;4;Muito alto;Mau pagador;Tain  Costa Silva;TC;jan/22;Tain 
397;0;0;0;0;0,2529;0,4867;0;0;0;0,4622;1,8155;2;Moderado;Bom pagador;C‚sar Costa Silva;CC;fev/22;C‚sar
398;0;0;0;0;0,0113;0,4743;0;0;0;1,214;2,9985;3;Alto;Bom pagador;Aline Costa Silva;AC;mar/22;Aline
399;2;0;0;2;0,0365;0,6988;1;0;0;3,3382;5,8624;3;Alto;Bom pagador;Bruna Costa Silva;BC;abr/22;Bruna
400;0;0;0;0;1431;0,0692;0;0;0;1300,972;6,2372;4;Muito alto;Bom pagador;Alan Costa Silva;AC;mai/22;Alan
401;0;0;0;0;0,2083;0,1336;0;0;0;0,1709;1,675;1;Baixo;Bom pagador;Daiane Costa Silva;DC;jun/22;Daiane
402;0;0;0;0;199;0,4544;0;0;0;199,4544;5,7628;4;Muito alto;Bom pagador;Breno Costa Silva;BC;jul/22;Breno
403;0;0;0;0;0,4964;0,5921;0;0;0;1,5551;6,7936;3;Alto;Bom pagador;CauÆ Costa Silva;CC;ago/22;CauÆ
404;0;0;0;0;0,6393;0,0589;0;0;0;0,2182;2,0264;1;Baixo;Bom pagador;Geovana Costa Silva;GC;set/22;Geovana
405;0;0;0;0;12403;0,1735;0;1;0;3875,9917;5,6925;4;Muito alto;Bom pagador;Cl udio Costa Silva;CC;out/22;Cl udio
406;1;0;0;1;73;0,2344;1;0;0;244,7812;5,7452;4;Muito alto;Bom pagador;J‚ssica Costa Silva;JC;nov/22;J‚ssica
407;0;0;0;0;0,2616;0,5922;0;0;0;1,2197;5,757;3;Alto;Bom pagador;Elias Costa Silva;EC;dez/22;Elias
408;0;0;0;0;0,2885;0,8842;0;0;0;1,6752;6,4422;3;Alto;Bom pagador;Fernando Costa Silva;FC;jan/23;Fernando
409;0;0;0;0;3464;0,2969;0;0;0;2886,9141;5,6925;4;Muito alto;Bom pagador;J£lio Costa Silva;JC;fev/23;J£lio
410;0;0;0;0;2134;0,0887;0;0;0;2667,6109;5,4993;4;Muito alto;Bom pagador;Paula Costa Silva;PC;mar/23;Paula
411;0;0;0;0;0,3261;1;0;0;0;2,6522;6,4422;3;Alto;Bom pagador;M rcio Costa Silva;MC;abr/23;M rcio
412;0;0;0;0;1,009;0,8288;0;0;0;0,8354;5,634;2;Moderado;Bom pagador;Nicolas Costa Silva;NC;mai/23;Nicolas
413;1;0;0;1;556;0,0005;1;0;0;556,9005;6,2782;4;Muito alto;Bom pagador;Talita Costa Silva;TC;jun/23;Talita
414;0;0;0;0;0,3122;0,0041;0;0;0;0,5271;2,4012;2;Moderado;Bom pagador;S‚rgio Costa Silva;SC;jul/23;S‚rgio
415;0;0;0;0;0,1243;1;0;0;0;3,7476;5,88;3;Alto;Bom pagador;Tadeu Costa Silva;TC;ago/23;Tadeu
416;0;0;0;0;0,159;1;0;0;0;5,7951;9,1303;4;Muito alto;Mau pagador;Z‚lia Costa Silva;ZC;set/23;Z‚lia
417;0;0;0;0;137;0,082;0;0;0;342,7049;5,4993;4;Muito alto;Bom pagador;William Costa Silva;WC;out/23;William
418;0;0;0;0;0,419;0,581;0;0;0;0,4546;5,716;2;Moderado;Bom pagador;Lorena Costa Silva;LC;nov/23;Lorena
419;0;0;0;0;0,3593;0,1613;0;0;0;0,7437;2,5534;2;Moderado;Bom pagador;Mirela Costa Silva;MC;dez/23;Mirela
420;0;0;0;0;1363;0,2287;0;0;0;1136,0239;5,7628;4;Muito alto;Bom pagador;Gabriel Ferreira Silva;GF;jan/24;Gabriel
421;0;0;0;0;0,8284;0,0589;0;0;0;0,5546;2,7116;2;Moderado;Bom pagador;Beatriz Ferreira Silva;BF;fev/24;Beatriz
422;0;0;0;0;0,0226;0,0559;0;0;0;0,1307;1,798;1;Baixo;Bom pagador;Mateus Ferreira Silva;MF;mar/24;Mateus
423;0;0;0;0;0,3363;0,0246;0;0;0;0,4009;1,6633;2;Moderado;Bom pagador;Pedro Ferreira Silva;PF;abr/24;Pedro
424;0;0;0;0;0,0858;0,0947;0;0;0;0,4512;1,7804;2;Moderado;Bom pagador;Eduarda Ferreira Silva;EF;mai/24;Eduarda
425;0;0;0;0;0,3654;0,0009;0;0;0;0,333;1,7336;1;Baixo;Bom pagador;Rafael Ferreira Silva;RF;jun/24;Rafael
426;0;0;0;0;0,3321;0,1802;0;0;0;0,3941;1,8682;2;Moderado;Bom pagador;Gabriela Ferreira Silva;GF;jul/24;Gabriela
427;0;0;0;0;1774;0,1102;0;0;0;4435,2755;5,5696;4;Muito alto;Bom pagador;Carlos Ferreira Silva;CF;ago/24;Carlos
428;0;0;0;0;0,4996;0;0;0;0;0,4996;2,7526;2;Moderado;Bom pagador;Felipe Ferreira Silva;FF;set/24;Felipe
429;0;1;0;1;3404;0,1458;1;0;0;4256,0573;5,4993;4;Muito alto;Bom pagador;Thiago Ferreira Silva;TF;out/24;Thiago
430;0;0;1;1;0;1;1;0;0;11;9,8682;4;Muito alto;Mau pagador;Larissa Ferreira Silva;LF;nov/24;Larissa
431;0;0;0;0;0,3985;0,8893;0;0;0;1,2879;6,1084;3;Alto;Bom pagador;Andr‚ Ferreira Silva;AF;dez/24;Andr‚
432;0;0;0;0;0,3279;0,2688;0;0;0;0,7458;2,5534;2;Moderado;Bom pagador;Leonardo Ferreira Silva;LF;jan/21;Leonardo
433;0;0;0;0;0,5308;0,3729;0;0;0;1,1296;2,5066;3;Alto;Bom pagador;Patr¡cia Ferreira Silva;PF;fev/21;Patr¡cia
434;0;0;0;0;0,3228;0,037;0;0;0;0,4497;1,6223;2;Moderado;Bom pagador;Ricardo Ferreira Silva;RF;mar/21;Ricardo
435;0;0;0;0;1;0,0005;0;0;0;2,001;2,29;3;Alto;Bom pagador;Daniel Ferreira Silva;DF;abr/21;Daniel
436;0;0;0;0;0,4244;0;0;0;0;0,5305;2,085;2;Moderado;Bom pagador;Tatiane Ferreira Silva;TF;mai/21;Tatiane
437;0;0;0;0;1242;0,4377;0;0;0;1242,4377;6,4304;4;Muito alto;Bom pagador;Eduardo Ferreira Silva;EF;jun/21;Eduardo
438;0;0;0;0;0,0895;0,1808;0;0;0;0,6756;1,9209;2;Moderado;Bom pagador;Yasmin Ferreira Silva;YF;jul/21;Yasmin
439;0;0;0;0;0,5147;0,0727;0;0;0;0,8392;2,0264;2;Moderado;Bom pagador;Amanda Ferreira Silva;AF;ago/21;Amanda
440;0;0;0;0;0,1019;0,2219;0;0;0;1,0791;1,9209;2;Moderado;Bom pagador;Diego Ferreira Silva;DF;set/21;Diego
441;1;0;0;1;0,4817;0,1845;1;0;0;1,5662;2,5769;3;Alto;Bom pagador;Carla Ferreira Silva;CF;out/21;Carla
442;0;0;0;0;2591;1;0;0;0;2592;9,9795;4;Muito alto;Mau pagador;Murilo Ferreira Silva;MF;nov/21;Murilo
443;0;0;0;0;0,0662;0,4079;0;0;0;1,1852;2,3133;3;Alto;Bom pagador;Samuel Ferreira Silva;SF;dez/21;Samuel
444;0;0;0;0;4824;0,395;0;0;0;3015,2469;5,6925;4;Muito alto;Bom pagador;Fl via Ferreira Silva;FF;jan/22;Fl via
445;0;2;0;2;228;0,1761;1;0;0;571,9402;5,7628;4;Muito alto;Bom pagador;Arthur Ferreira Silva;AF;fev/22;Arthur
446;0;0;0;0;0,0051;0,0421;0;0;0;0,0524;1,7277;1;Baixo;Bom pagador;Helo¡sa Ferreira Silva;HF;mar/22;Helo¡sa
447;0;0;0;0;0,3505;0,0193;0;0;0;0,3698;1,716;1;Baixo;Bom pagador;Bernardo Ferreira Silva;BF;abr/22;Bernardo
448;1;0;0;1;0,2132;0,5351;1;0;0;1,9261;2,2079;3;Alto;Bom pagador;Ot vio Ferreira Silva;OF;mai/22;Ot vio
449;0;0;0;0;2622;0;0;0;0;2622;5,5403;4;Muito alto;Bom pagador;Heitor Ferreira Silva;HF;jun/22;Heitor
450;0;0;0;0;0,0011;0,0456;0;0;0;0,0934;2,4656;1;Baixo;Bom pagador;Manuela Ferreira Silva;MF;jul/22;Manuela
451;0;0;0;0;0,0334;0,0777;0;0;0;0,2221;1,7804;1;Baixo;Bom pagador;Pietro Ferreira Silva;PF;ago/22;Pietro
452;0;0;0;0;0,185;0;0;0;0;0,3083;1,7336;1;Baixo;Bom pagador;Yuri Ferreira Silva;YF;set/22;Yuri
453;0;0;0;0;0,2215;0,6654;0;0;0;0,8063;5,4349;2;Moderado;Bom pagador;Priscila Ferreira Silva;PF;out/22;Priscila
454;0;0;0;0;2,5854;0,549;0;0;0;3,1344;5,9913;3;Alto;Bom pagador;Igor Ferreira Silva;IF;nov/22;Igor
455;0;0;0;0;0,0894;0;0;0;0;0,2235;1,839;1;Baixo;Bom pagador;Renato Ferreira Silva;RF;dez/22;Renato
456;3;3;0;6;0,311;1;1;0;0;6,79;9,0776;4;Muito alto;Mau pagador;Tain  Ferreira Silva;TF;jan/23;Tain 
457;0;0;0;0;0,4259;0,445;0;0;0;0,7917;2,9048;2;Moderado;Bom pagador;C‚sar Ferreira Silva;CF;fev/23;C‚sar
458;0;0;0;0;0,1063;0,2359;0;0;0;0,8553;1,9736;2;Moderado;Bom pagador;Aline Ferreira Silva;AF;mar/23;Aline
459;0;0;0;0;0,4451;0,386;0;0;0;1,3851;2,5769;3;Alto;Bom pagador;Bruna Ferreira Silva;BF;abr/23;Bruna
460;0;0;0;0;0,1135;0,027;0;0;0;0,4684;1,839;2;Moderado;Bom pagador;Alan Ferreira Silva;AF;mai/23;Alan
461;0;0;0;0;0,2924;0,5544;0;0;0;1,2097;5,7746;3;Alto;Bom pagador;Daiane Ferreira Silva;DF;jun/23;Daiane
462;0;0;0;0;0,7095;0,3426;0;0;0;0,5537;2,2196;2;Moderado;Bom pagador;Breno Ferreira Silva;BF;jul/23;Breno
463;0;0;0;0;0,3597;0,4119;0;0;0;0,8574;1,8858;2;Moderado;Bom pagador;CauÆ Ferreira Silva;CF;ago/23;CauÆ
464;2;1;2;5;0,5459;1;1;0;0;7,0918;10,1142;4;Muito alto;Mau pagador;Geovana Ferreira Silva;GF;set/23;Geovana
465;0;0;0;0;0,2554;0,0246;0;0;0;0,4667;1,6633;2;Moderado;Bom pagador;Cl udio Ferreira Silva;CF;out/23;Cl udio
466;0;0;0;0;2953;0,0299;0;0;0;1554,2263;5,5696;4;Muito alto;Bom pagador;J‚ssica Ferreira Silva;JF;nov/23;J‚ssica
467;0;0;0;0;0,4288;0,0109;0;0;0;0,3998;2,0674;2;Moderado;Bom pagador;Elias Ferreira Silva;EF;dez/23;Elias
468;0;0;0;0;0,2357;0,1142;0;0;0;0,6997;1,6926;2;Moderado;Bom pagador;Fernando Ferreira Silva;FF;jan/24;Fernando
469;1;0;0;1;0,2441;0,2622;1;0;0;1,5804;2,2079;3;Alto;Bom pagador;J£lio Ferreira Silva;JF;fev/24;J£lio
470;0;0;0;0;0,2677;0;0;0;0;0,223;1,716;1;Baixo;Bom pagador;Paula Ferreira Silva;PF;mar/24;Paula
471;0;0;0;0;0,2753;0,0314;0;0;0;0,4382;2,3602;2;Moderado;Bom pagador;M rcio Ferreira Silva;MF;abr/24;M rcio
472;1;0;0;1;0,0126;0,0227;1;0;0;0,9281;1,7687;2;Moderado;Bom pagador;Nicolas Ferreira Silva;NF;mai/24;Nicolas
473;0;1;3;4;0,3348;1;1;0;0;6,3371;9,7628;4;Muito alto;Mau pagador;Talita Ferreira Silva;TF;jun/24;Talita
474;0;0;0;0;1,1795;1,0031;0;0;0;1,2125;6,6589;3;Alto;Bom pagador;S‚rgio Ferreira Silva;SF;jul/24;S‚rgio
475;0;0;0;0;899;0,7593;0;0;0;1499,5988;9,9795;4;Muito alto;Mau pagador;Tadeu Ferreira Silva;TF;ago/24;Tadeu
476;0;0;0;0;0,0323;0,0057;0;0;0;0,0543;1,8214;1;Baixo;Bom pagador;Z‚lia Ferreira Silva;ZF;set/24;Z‚lia
477;0;0;0;0;0,1814;0,0505;0;0;0;0,1221;1,675;1;Baixo;Bom pagador;William Ferreira Silva;WF;out/24;William
478;1;0;0;1;0,2749;0,0232;1;0;0;1,2201;2,7409;3;Alto;Bom pagador;Lorena Ferreira Silva;LF;nov/24;Lorena
479;0;0;0;0;0,1443;0,101;0;0;0;0,3066;1,798;1;Baixo;Bom pagador;Mirela Ferreira Silva;MF;dez/24;Mirela
480;4;1;0;5;3537;0,4297;1;0;0;3220,3907;5,6925;4;Muito alto;Bom pagador;Gabriel Rodrigues Silva;GR;jan/21;Gabriel
481;0;0;0;0;0,3364;0,0433;0;0;0;0,3797;2,3602;1;Baixo;Bom pagador;Beatriz Rodrigues Silva;BR;fev/21;Beatriz
482;0;0;0;0;0,6319;0,0389;0;0;0;0,4472;2,0264;2;Moderado;Bom pagador;Mateus Rodrigues Silva;MR;mar/21;Mateus
483;0;0;0;0;0,3799;0,0001;0;0;0;0,2714;2,0147;1;Baixo;Bom pagador;Pedro Rodrigues Silva;PR;abr/21;Pedro
484;1;0;0;1;0,059;0,0035;1;0;0;0,9532;1,7687;2;Moderado;Bom pagador;Eduarda Rodrigues Silva;ER;mai/21;Eduarda
485;0;0;0;0;0,5585;0,2863;0;0;0;0,2485;2,2372;1;Baixo;Bom pagador;Rafael Rodrigues Silva;RR;jun/21;Rafael
486;0;0;0;0;0,2388;0,0851;0;0;0;0,2699;1,6223;1;Baixo;Bom pagador;Gabriela Rodrigues Silva;GR;jul/21;Gabriela
487;0;0;0;0;0,0044;0,0251;0;0;0;0,0295;2,5066;1;Baixo;Bom pagador;Carlos Rodrigues Silva;CR;ago/21;Carlos
488;0;0;0;0;0,8562;0,0246;0;0;0;1,2583;2,4071;3;Alto;Bom pagador;Felipe Rodrigues Silva;FR;set/21;Felipe
489;0;0;0;0;2430;0;0;0;0;3471,4286;6,2782;4;Muito alto;Bom pagador;Thiago Rodrigues Silva;TR;out/21;Thiago
490;0;0;0;0;0,3648;0,0319;0;0;0;0,3305;1,6223;1;Baixo;Bom pagador;Larissa Rodrigues Silva;LR;nov/21;Larissa
491;0;0;0;0;0,3898;0,0148;0;0;0;0,6744;2,085;2;Moderado;Bom pagador;Andr‚ Rodrigues Silva;AR;dez/21;Andr‚
492;0;0;0;0;0,565;0,3887;0;0;0;0,7336;2,2196;2;Moderado;Bom pagador;Leonardo Rodrigues Silva;LR;jan/22;Leonardo
493;0;0;0;0;25;0,0146;0;0;0;50,0292;6,2782;4;Muito alto;Bom pagador;Patr¡cia Rodrigues Silva;PR;fev/22;Patr¡cia
494;0;0;0;0;0,0593;0;0;0;0;0,0989;1,8214;1;Baixo;Bom pagador;Ricardo Rodrigues Silva;RR;mar/22;Ricardo
495;0;0;0;0;0,0112;0,0412;0;0;0;0,0524;1,7804;1;Baixo;Bom pagador;Daniel Rodrigues Silva;DR;abr/22;Daniel
496;0;0;0;0;0,2592;0,0359;0;0;0;0,3278;1,6223;1;Baixo;Bom pagador;Tatiane Rodrigues Silva;TR;mai/22;Tatiane
497;0;0;0;0;0,1286;0,0952;0;0;0;0,4475;1,798;2;Moderado;Bom pagador;Eduardo Rodrigues Silva;ER;jun/22;Eduardo
498;0;0;0;0;0,0083;0,0148;0;0;0;0,033;1,8214;1;Baixo;Bom pagador;Yasmin Rodrigues Silva;YR;jul/22;Yasmin
499;1;0;0;1;0,1903;0,2053;1;0;0;1,4223;2,2079;3;Alto;Bom pagador;Amanda Rodrigues Silva;AR;ago/22;Amanda
500;0;0;0;0;0,2902;0,1078;0;0;0;0,1474;1,6926;1;Baixo;Bom pagador;Diego Rodrigues Silva;DR;set/22;Diego
